{"syria":{"n":"syria","g":"sy","r":"middle-east"},"israel":{"n":"israel","g":"is","r":"middle-east"},"saudi arabia":{"n":"saudi arabia","g":"sa","r":"middle-east"},"iran":{"n":"iran","g":"ir","r":"middle-east"},"united arab emirates":{"n":"united arab emirates","g":"ae","r":"middle-east"},"qatar":{"n":"qatar","g":"qa","r":"middle-east"},"gaza gaza strip":{"n":"gaza gaza strip","g":"gz","r":"middle-east"},"kuwait":{"n":"kuwait","g":"ku","r":"middle-east"},"turkey":{"n":"turkey","g":"tu","r":"middle-east"},"oman":{"n":"oman","g":"mu","r":"middle-east"},"west bank":{"n":"west bank","g":"we","r":"middle-east"},"lebanon":{"n":"lebanon","g":"le","r":"middle-east"},"armenia":{"n":"armenia","g":"am","r":"middle-east"},"iraq":{"n":"iraq","g":"iz","r":"middle-east"},"georgia":{"n":"georgia","g":"gg","r":"middle-east"},"azerbaijan":{"n":"azerbaijan","g":"aj","r":"middle-east"},"jordan":{"n":"jordan","g":"jo","r":"middle-east"},"yemen":{"n":"yemen","g":"ym","r":"middle-east"},"bahrain":{"n":"bahrain","g":"ba","r":"middle-east"},"categories":{"n":"categories","g":"categories","r":"meta"},"xx":{"n":"xx","g":"xx","r":"world"},"pakistan":{"n":"pakistan","g":"pk","r":"south-asia"},"sri lanka":{"n":"sri lanka","g":"ce","r":"south-asia"},"maldives":{"n":"maldives","g":"mv","r":"south-asia"},"india":{"n":"india","g":"in","r":"south-asia"},"nepal":{"n":"nepal","g":"np","r":"south-asia"},"bangladesh":{"n":"bangladesh","g":"bg","r":"south-asia"},"british indian ocean territory":{"n":"british indian ocean territory","g":"io","r":"south-asia"},"afghanistan":{"n":"afghanistan","g":"af","r":"south-asia"},"bhutan":{"n":"bhutan","g":"bt","r":"south-asia"},"heard island and mcdonald islands":{"n":"heard island and mcdonald islands","g":"hm","r":"antarctica"},"bouvet island":{"n":"bouvet island","g":"bv","r":"antarctica"},"antarctica":{"n":"antarctica","g":"ay","r":"antarctica"},"french southern and antarctic lands":{"n":"french southern and antarctic lands","g":"fs","r":"antarctica"},"chile":{"n":"chile","g":"ci","r":"south-america"},"uruguay":{"n":"uruguay","g":"uy","r":"south-america"},"south georgia and south sandwich islands":{"n":"south georgia and south sandwich islands","g":"sx","r":"south-america"},"ecuador":{"n":"ecuador","g":"ec","r":"south-america"},"suriname":{"n":"suriname","g":"ns","r":"south-america"},"paraguay":{"n":"paraguay","g":"pa","r":"south-america"},"colombia":{"n":"colombia","g":"co","r":"south-america"},"falkland islands (islas malvinas)":{"n":"falkland islands (islas malvinas)","g":"fk","r":"south-america"},"brazil":{"n":"brazil","g":"br","r":"south-america"},"guyana":{"n":"guyana","g":"gy","r":"south-america"},"venezuela":{"n":"venezuela","g":"ve","r":"south-america"},"bolivia":{"n":"bolivia","g":"bl","r":"south-america"},"argentina":{"n":"argentina","g":"ar","r":"south-america"},"peru":{"n":"peru","g":"pe","r":"south-america"},"zh":{"n":"zh","g":"zh","r":"oceans"},"xq":{"n":"xq","g":"xq","r":"oceans"},"zn":{"n":"zn","g":"zn","r":"oceans"},"xo":{"n":"xo","g":"xo","r":"oceans"},"oo":{"n":"oo","g":"oo","r":"oceans"},"ireland":{"n":"ireland","g":"ei","r":"europe"},"north macedonia":{"n":"north macedonia","g":"mk","r":"europe"},"hungary":{"n":"hungary","g":"hu","r":"europe"},"ee":{"n":"ee","g":"ee","r":"europe"},"gibraltar":{"n":"gibraltar","g":"gi","r":"europe"},"faroe islands":{"n":"faroe islands","g":"fo","r":"europe"},"belarus":{"n":"belarus","g":"bo","r":"europe"},"netherlands":{"n":"netherlands","g":"nl","r":"europe"},"luxembourg":{"n":"luxembourg","g":"lu","r":"europe"},"san marino":{"n":"san marino","g":"sm","r":"europe"},"montenegro":{"n":"montenegro","g":"mj","r":"europe"},"holy see (vatican city)":{"n":"holy see (vatican city)","g":"vt","r":"europe"},"malta":{"n":"malta","g":"mt","r":"europe"},"poland":{"n":"poland","g":"pl","r":"europe"},"united kingdom":{"n":"united kingdom","g":"uk","r":"europe"},"latvia":{"n":"latvia","g":"lg","r":"europe"},"finland":{"n":"finland","g":"fi","r":"europe"},"andorra":{"n":"andorra","g":"an","r":"europe"},"czechia":{"n":"czechia","g":"ez","r":"europe"},"isle of man":{"n":"isle of man","g":"im","r":"europe"},"belgium":{"n":"belgium","g":"be","r":"europe"},"estonia":{"n":"estonia","g":"en","r":"europe"},"italy":{"n":"italy","g":"it","r":"europe"},"liechtenstein":{"n":"liechtenstein","g":"ls","r":"europe"},"croatia":{"n":"croatia","g":"hr","r":"europe"},"austria":{"n":"austria","g":"au","r":"europe"},"germany":{"n":"germany","g":"gm","r":"europe"},"cyprus":{"n":"cyprus","g":"cy","r":"europe"},"ukraine":{"n":"ukraine","g":"up","r":"europe"},"albania":{"n":"albania","g":"al","r":"europe"},"france":{"n":"france","g":"fr","r":"europe"},"jersey":{"n":"jersey","g":"je","r":"europe"},"lithuania":{"n":"lithuania","g":"lh","r":"europe"},"romania":{"n":"romania","g":"ro","r":"europe"},"kosovo":{"n":"kosovo","g":"kv","r":"europe"},"akrotiri":{"n":"akrotiri","g":"ax","r":"europe"},"monaco":{"n":"monaco","g":"mn","r":"europe"},"slovenia":{"n":"slovenia","g":"si","r":"europe"},"spain":{"n":"spain","g":"sp","r":"europe"},"portugal":{"n":"portugal","g":"po","r":"europe"},"bosnia and herzegovina":{"n":"bosnia and herzegovina","g":"bk","r":"europe"},"iceland":{"n":"iceland","g":"ic","r":"europe"},"dhekelia":{"n":"dhekelia","g":"dx","r":"europe"},"slovakia":{"n":"slovakia","g":"lo","r":"europe"},"greece":{"n":"greece","g":"gr","r":"europe"},"bulgaria":{"n":"bulgaria","g":"bu","r":"europe"},"guernsey":{"n":"guernsey","g":"gk","r":"europe"},"norway":{"n":"norway","g":"no","r":"europe"},"sweden":{"n":"sweden","g":"sw","r":"europe"},"jan mayen":{"n":"jan mayen","g":"jn","r":"europe"},"denmark":{"n":"denmark","g":"da","r":"europe"},"svalbard (sometimes referred to as spitsbergen largest island in archipelago)":{"n":"svalbard (sometimes referred to as spitsbergen largest island in archipelago)","g":"sv","r":"europe"},"moldova":{"n":"moldova","g":"md","r":"europe"},"switzerland":{"n":"switzerland","g":"sz","r":"europe"},"serbia":{"n":"serbia","g":"ri","r":"europe"},"russia":{"n":"russia","g":"rs","r":"central-asia"},"kyrgyzstan":{"n":"kyrgyzstan","g":"kg","r":"central-asia"},"turkmenistan":{"n":"turkmenistan","g":"tx","r":"central-asia"},"kazakhstan":{"n":"kazakhstan","g":"kz","r":"central-asia"},"uzbekistan":{"n":"uzbekistan","g":"uz","r":"central-asia"},"tajikistan":{"n":"tajikistan","g":"ti","r":"central-asia"},"northern mariana islands":{"n":"northern mariana islands","g":"cq","r":"australia-oceania"},"palau":{"n":"palau","g":"ps","r":"australia-oceania"},"baker island howland island jarvis island johnston atoll kingman reef midway islands palmyra atoll":{"n":"baker island howland island jarvis island johnston atoll kingman reef midway islands palmyra atoll","g":"um","r":"australia-oceania"},"american samoa":{"n":"american samoa","g":"aq","r":"australia-oceania"},"kiribati":{"n":"kiribati","g":"kr","r":"australia-oceania"},"guam":{"n":"guam","g":"gq","r":"australia-oceania"},"french polynesia":{"n":"french polynesia","g":"fp","r":"australia-oceania"},"cook islands":{"n":"cook islands","g":"cw","r":"australia-oceania"},"nauru":{"n":"nauru","g":"nr","r":"australia-oceania"},"christmas island":{"n":"christmas island","g":"kt","r":"australia-oceania"},"marshall islands":{"n":"marshall islands","g":"rm","r":"australia-oceania"},"solomon islands":{"n":"solomon islands","g":"bp","r":"australia-oceania"},"norfolk island":{"n":"norfolk island","g":"nf","r":"australia-oceania"},"wallis and futuna":{"n":"wallis and futuna","g":"wf","r":"australia-oceania"},"samoa":{"n":"samoa","g":"ws","r":"australia-oceania"},"tokelau":{"n":"tokelau","g":"tl","r":"australia-oceania"},"tuvalu":{"n":"tuvalu","g":"tv","r":"australia-oceania"},"niue":{"n":"niue","g":"ne","r":"australia-oceania"},"pitcairn islands":{"n":"pitcairn islands","g":"pc","r":"australia-oceania"},"tonga":{"n":"tonga","g":"tn","r":"australia-oceania"},"vanuatu":{"n":"vanuatu","g":"nh","r":"australia-oceania"},"wake island":{"n":"wake island","g":"wq","r":"australia-oceania"},"fiji":{"n":"fiji","g":"fj","r":"australia-oceania"},"ashmore and cartier islands":{"n":"ashmore and cartier islands","g":"at","r":"australia-oceania"},"new caledonia":{"n":"new caledonia","g":"nc","r":"australia-oceania"},"australia":{"n":"australia","g":"as","r":"australia-oceania"},"federated states of micronesia":{"n":"federated states of micronesia","g":"fm","r":"australia-oceania"},"new zealand":{"n":"new zealand","g":"nz","r":"australia-oceania"},"cocos (keeling) islands":{"n":"cocos (keeling) islands","g":"ck","r":"australia-oceania"},"coral sea islands":{"n":"coral sea islands","g":"cr","r":"australia-oceania"},"dominica":{"n":"dominica","g":"do","r":"central-america-n-caribbean"},"barbados":{"n":"barbados","g":"bb","r":"central-america-n-caribbean"},"turks and caicos islands":{"n":"turks and caicos islands","g":"tk","r":"central-america-n-caribbean"},"haiti":{"n":"haiti","g":"ha","r":"central-america-n-caribbean"},"saint lucia":{"n":"saint lucia","g":"st","r":"central-america-n-caribbean"},"jamaica":{"n":"jamaica","g":"jm","r":"central-america-n-caribbean"},"nicaragua":{"n":"nicaragua","g":"nu","r":"central-america-n-caribbean"},"belize":{"n":"belize","g":"bh","r":"central-america-n-caribbean"},"navassa island":{"n":"navassa island","g":"bq","r":"central-america-n-caribbean"},"anguilla":{"n":"anguilla","g":"av","r":"central-america-n-caribbean"},"panama":{"n":"panama","g":"pm","r":"central-america-n-caribbean"},"antigua and barbuda":{"n":"antigua and barbuda","g":"ac","r":"central-america-n-caribbean"},"dominican":{"n":"dominican","g":"dr","r":"central-america-n-caribbean"},"saint vincent and grenadines":{"n":"saint vincent and grenadines","g":"vc","r":"central-america-n-caribbean"},"saint martin":{"n":"saint martin","g":"rn","r":"central-america-n-caribbean"},"bahamas":{"n":"bahamas","g":"bf","r":"central-america-n-caribbean"},"guatemala":{"n":"guatemala","g":"gt","r":"central-america-n-caribbean"},"cuba":{"n":"cuba","g":"cu","r":"central-america-n-caribbean"},"saint barthelemy":{"n":"saint barthelemy","g":"tb","r":"central-america-n-caribbean"},"aruba":{"n":"aruba","g":"aa","r":"central-america-n-caribbean"},"british virgin islands":{"n":"british virgin islands","g":"vi","r":"central-america-n-caribbean"},"curacao":{"n":"curacao","g":"uc","r":"central-america-n-caribbean"},"costa rica":{"n":"costa rica","g":"cs","r":"central-america-n-caribbean"},"cayman islands":{"n":"cayman islands","g":"cj","r":"central-america-n-caribbean"},"puerto rico":{"n":"puerto rico","g":"rq","r":"central-america-n-caribbean"},"virgin islands":{"n":"virgin islands","g":"vq","r":"central-america-n-caribbean"},"sint maarten":{"n":"sint maarten","g":"nn","r":"central-america-n-caribbean"},"grenada":{"n":"grenada","g":"gj","r":"central-america-n-caribbean"},"el salvador":{"n":"el salvador","g":"es","r":"central-america-n-caribbean"},"saint kitts and nevis":{"n":"saint kitts and nevis","g":"sc","r":"central-america-n-caribbean"},"trinidad and tobago":{"n":"trinidad and tobago","g":"td","r":"central-america-n-caribbean"},"honduras":{"n":"honduras","g":"ho","r":"central-america-n-caribbean"},"montserrat":{"n":"montserrat","g":"mh","r":"central-america-n-caribbean"},"mexico":{"n":"mexico","g":"mx","r":"north-america"},"bermuda":{"n":"bermuda","g":"bd","r":"north-america"},"united states":{"n":"united states","g":"us","r":"north-america"},"canada":{"n":"canada","g":"ca","r":"north-america"},"greenland":{"n":"greenland","g":"gl","r":"north-america"},"saint pierre and miquelon":{"n":"saint pierre and miquelon","g":"sb","r":"north-america"},"clipperton island":{"n":"clipperton island","g":"ip","r":"north-america"},"paracel islands":{"n":"paracel islands","g":"pf","r":"east-n-southeast-asia"},"south korea":{"n":"south korea","g":"ks","r":"east-n-southeast-asia"},"laos":{"n":"laos","g":"la","r":"east-n-southeast-asia"},"mongolia":{"n":"mongolia","g":"mg","r":"east-n-southeast-asia"},"china":{"n":"china","g":"ch","r":"east-n-southeast-asia"},"spratly islands":{"n":"spratly islands","g":"pg","r":"east-n-southeast-asia"},"japan":{"n":"japan","g":"ja","r":"east-n-southeast-asia"},"timor leste":{"n":"timor leste","g":"tt","r":"east-n-southeast-asia"},"vietnam":{"n":"vietnam","g":"vm","r":"east-n-southeast-asia"},"cambodia":{"n":"cambodia","g":"cb","r":"east-n-southeast-asia"},"hong kong":{"n":"hong kong","g":"hk","r":"east-n-southeast-asia"},"malaysia":{"n":"malaysia","g":"my","r":"east-n-southeast-asia"},"macau":{"n":"macau","g":"mc","r":"east-n-southeast-asia"},"north korea":{"n":"north korea","g":"kn","r":"east-n-southeast-asia"},"taiwan":{"n":"taiwan","g":"tw","r":"east-n-southeast-asia"},"singapore":{"n":"singapore","g":"sn","r":"east-n-southeast-asia"},"indonesia":{"n":"indonesia","g":"id","r":"east-n-southeast-asia"},"thailand":{"n":"thailand","g":"th","r":"east-n-southeast-asia"},"philippines":{"n":"philippines","g":"rp","r":"east-n-southeast-asia"},"brunei":{"n":"brunei","g":"bx","r":"east-n-southeast-asia"},"burma":{"n":"burma","g":"bm","r":"east-n-southeast-asia"},"papua new guinea":{"n":"papua new guinea","g":"pp","r":"east-n-southeast-asia"},"chad":{"n":"chad","g":"cd","r":"africa"},"sierra leone":{"n":"sierra leone","g":"sl","r":"africa"},"sudan":{"n":"sudan","g":"su","r":"africa"},"mauritania":{"n":"mauritania","g":"mr","r":"africa"},"lesotho":{"n":"lesotho","g":"lt","r":"africa"},"benin":{"n":"benin","g":"bn","r":"africa"},"namibia":{"n":"namibia","g":"wa","r":"africa"},"ghana":{"n":"ghana","g":"gh","r":"africa"},"tunisia":{"n":"tunisia","g":"ts","r":"africa"},"botswana":{"n":"botswana","g":"bc","r":"africa"},"libya":{"n":"libya","g":"ly","r":"africa"},"zimbabwe":{"n":"zimbabwe","g":"zi","r":"africa"},"south africa":{"n":"south africa","g":"sf","r":"africa"},"madagascar":{"n":"madagascar","g":"ma","r":"africa"},"comoros":{"n":"comoros","g":"cn","r":"africa"},"niger":{"n":"niger","g":"ng","r":"africa"},"guinea":{"n":"guinea","g":"gv","r":"africa"},"uganda":{"n":"uganda","g":"ug","r":"africa"},"guinea bissau":{"n":"guinea bissau","g":"pu","r":"africa"},"mali":{"n":"mali","g":"ml","r":"africa"},"gabon":{"n":"gabon","g":"gb","r":"africa"},"angola":{"n":"angola","g":"ao","r":"africa"},"cabo verde":{"n":"cabo verde","g":"cv","r":"africa"},"senegal":{"n":"senegal","g":"sg","r":"africa"},"tanzania":{"n":"tanzania","g":"tz","r":"africa"},"ethiopia":{"n":"ethiopia","g":"et","r":"africa"},"nigeria":{"n":"nigeria","g":"ni","r":"africa"},"rwanda":{"n":"rwanda","g":"rw","r":"africa"},"togo":{"n":"togo","g":"to","r":"africa"},"saint helena ascension and tristan da cunha":{"n":"saint helena ascension and tristan da cunha","g":"sh","r":"africa"},"morocco":{"n":"morocco","g":"mo","r":"africa"},"western sahara":{"n":"western sahara","g":"wi","r":"africa"},"gambia":{"n":"gambia","g":"ga","r":"africa"},"liberia":{"n":"liberia","g":"li","r":"africa"},"mozambique":{"n":"mozambique","g":"mz","r":"africa"},"djibouti":{"n":"djibouti","g":"dj","r":"africa"},"central african republic":{"n":"central african republic","g":"ct","r":"africa"},"zambia":{"n":"zambia","g":"za","r":"africa"},"cote divoire":{"n":"c\u00f4te d'ivoire","g":"iv","r":"africa"},"seychelles":{"n":"seychelles","g":"se","r":"africa"},"cameroon":{"n":"cameroon","g":"cm","r":"africa"},"congo (brazzaville)":{"n":"congo (brazzaville)","g":"cf","r":"africa"},"malawi":{"n":"malawi","g":"mi","r":"africa"},"sao tome and principe":{"n":"sao tome and principe","g":"tp","r":"africa"},"burkina faso":{"n":"burkina faso","g":"uv","r":"africa"},"eswatini":{"n":"eswatini","g":"wz","r":"africa"},"equatorial guinea":{"n":"equatorial guinea","g":"ek","r":"africa"},"eritrea":{"n":"eritrea","g":"er","r":"africa"},"egypt":{"n":"egypt","g":"eg","r":"africa"},"burundi":{"n":"burundi","g":"by","r":"africa"},"mauritius":{"n":"mauritius","g":"mp","r":"africa"},"algeria":{"n":"algeria","g":"ag","r":"africa"},"south sudan":{"n":"south sudan","g":"od","r":"africa"},"kenya":{"n":"kenya","g":"ke","r":"africa"},"drc":{"n":"drc","g":"cg","r":"africa"},"somalia":{"n":"somalia","g":"so","r":"africa"}}